SDATE,temperature_min,temperature_max,temperature_avg
2016-03-01,-2,11,4.5
2016-03-02,2,18,10.0
2016-03-03,3,18,10.5
2016-03-04,4,11,7.5
2016-03-05,-1,12,5.5
2016-03-06,-2,12,5.0
2016-03-07,-2,12,5.0
2016-03-08,-2,6,2.0
2016-03-09,-5,6,0.5
2016-03-10,-4,7,1.5
2016-03-11,-4,8,2.0
2016-03-12,2,9,5.5
2016-03-13,-3,12,4.5
2016-03-14,2,16,9.0
2016-03-15,2,15,8.5
2016-03-16,6,17,11.5
2016-03-17,5,18,11.5
2016-03-18,4,21,12.5
2016-03-19,3,17,10.0
2016-03-20,4,16,10.0
2016-03-21,8,21,14.5
2016-03-22,4,14,9.0
2016-03-23,2,15,8.5
2016-03-24,2,16,9.0
2016-03-25,3,15,9.0
2016-03-26,5,19,12.0
2016-03-27,8,20,14.0
2016-03-28,7,22,14.5
2016-03-29,6,22,14.0
2016-03-30,7,21,14.0
2016-03-31,13,26,19.5
2016-04-01,10,24,17.0
2016-04-02,8,18,13.0
2016-04-03,8,19,13.5
2016-04-04,12,22,17.0
2016-04-05,11,25,18.0
2016-04-06,12,25,18.5
2016-04-07,9,23,16.0
2016-04-08,12,25,18.5
2016-04-09,8,26,17.0
2016-04-10,6,20,13.0
2016-04-11,8,18,13.0
2016-04-12,7,20,13.5
2016-04-13,10,27,18.5
2016-04-14,9,24,16.5
2016-04-15,13,26,19.5
2016-04-16,10,21,15.5
2016-04-17,10,20,15.0
2016-04-18,9,21,15.0
2016-04-19,12,20,16.0
2016-04-20,14,27,20.5
2016-04-21,11,30,20.5
2016-04-22,9,24,16.5
2016-04-23,9,23,16.0
2016-04-24,14,29,21.5
2016-04-25,14,31,22.5
2016-04-26,13,26,19.5
2016-04-27,12,21,16.5
2016-04-28,13,30,21.5
2016-04-29,14,33,23.5
2016-04-30,16,33,24.5
2016-05-01,21,36,28.5
2016-05-02,14,21,17.5
2016-05-03,7,27,17.0
2016-05-04,16,30,23.0
2016-05-05,13,32,22.5
2016-05-06,9,27,18.0
2016-05-07,10,28,19.0
2016-05-08,13,30,21.5
2016-05-09,11,27,19.0
2016-05-10,16,27,21.5
2016-05-11,18,29,23.5
2016-05-12,4,23,13.5
2016-05-13,13,25,19.0
2016-05-14,10,17,13.5
2016-05-15,6,23,14.5
2016-05-16,11,33,22.0
2016-05-17,16,32,24.0
2016-05-18,15,32,23.5
2016-05-19,10,31,20.5
2016-05-20,11,31,21.0
2016-05-21,12,30,21.0
2016-05-22,14,29,21.5
2016-05-23,10,23,16.5
2016-05-24,15,30,22.5
2016-05-25,16,30,23.0
2016-05-26,12,30,21.0
2016-05-27,12,32,22.0
2016-05-28,18,32,25.0
2016-05-29,15,31,23.0
2016-05-30,21,37,29.0
2016-05-31,15,30,22.5
2016-06-01,16,31,23.5
2016-06-02,19,32,25.5
2016-06-03,16,30,23.0
2016-06-04,16,30,23.0
2016-06-05,14,32,23.0
2016-06-06,18,32,25.0
2016-06-07,14,26,20.0
2016-06-08,17,33,25.0
2016-06-09,21,34,27.5
2016-06-10,20,35,27.5
2016-06-11,18,31,24.5
2016-06-12,19,32,25.5
2016-06-13,17,30,23.5
2016-06-14,17,24,20.5
2016-06-15,17,30,23.5
2016-06-16,19,34,26.5
2016-06-17,17,33,25.0
2016-06-18,21,32,26.5
2016-06-19,23,35,29.0
2016-06-20,21,35,28.0
2016-06-21,21,35,28.0
2016-06-22,21,37,29.0
2016-06-23,20,34,27.0
2016-06-24,18,32,25.0
2016-06-25,19,36,27.5
2016-06-26,22,37,29.5
2016-06-27,19,30,24.5
2016-06-28,19,31,25.0
2016-06-29,21,33,27.0
2016-06-30,21,31,26.0
2016-07-01,20,32,26.0
2016-07-02,19,34,26.5
2016-07-03,20,33,26.5
2016-07-04,18,33,25.5
2016-07-05,17,33,25.0
2016-07-06,17,34,25.5
2016-07-07,19,34,26.5
2016-07-08,21,34,27.5
2016-07-09,21,36,28.5
2016-07-10,22,37,29.5
2016-07-11,24,37,30.5
2016-07-12,21,29,25.0
2016-07-13,21,35,28.0
2016-07-14,21,32,26.5
2016-07-15,18,26,22.0
2016-07-16,17,28,22.5
2016-07-17,18,30,24.0
2016-07-18,21,32,26.5
2016-07-19,20,24,22.0
2016-07-20,21,22,21.5
2016-07-21,20,27,23.5
2016-07-22,22,30,26.0
2016-07-23,22,33,27.5
2016-07-24,24,33,28.5
2016-07-25,21,33,27.0
2016-07-26,20,31,25.5
2016-07-27,21,33,27.0
2016-07-28,23,33,28.0
2016-07-29,23,33,28.0
2016-07-30,23,30,26.5
2016-07-31,23,31,27.0
2016-08-01,21,29,25.0
2016-08-02,21,32,26.5
2016-08-03,21,33,27.0
2016-08-04,21,32,26.5
2016-08-05,21,31,26.0
2016-08-06,23,33,28.0
2016-08-07,20,29,24.5
2016-08-08,20,31,25.5
2016-08-09,22,30,26.0
2016-08-10,24,33,28.5
2016-08-11,24,34,29.0
2016-08-12,22,32,27.0
2016-08-13,22,34,28.0
2016-08-14,23,33,28.0
2016-08-15,18,28,23.0
2016-08-16,19,30,24.5
2016-08-17,22,26,24.0
2016-08-18,21,25,23.0
2016-08-19,22,33,27.5
2016-08-20,21,33,27.0
2016-08-21,23,33,28.0
2016-08-22,23,32,27.5
2016-08-23,23,31,27.0
2016-08-24,24,33,28.5
2016-08-25,17,31,24.0
2016-08-26,17,30,23.5
2016-08-27,18,32,25.0
2016-08-28,17,32,24.5
2016-08-29,18,32,25.0
2016-08-30,19,30,24.5
2016-08-31,19,34,26.5
2016-09-01,19,27,23.0
2016-09-02,19,28,23.5
2016-09-03,19,31,25.0
2016-09-04,18,28,23.0
2016-09-05,19,31,25.0
2016-09-06,21,32,26.5
2016-09-07,18,32,25.0
2016-09-08,17,32,24.5
2016-09-09,19,32,25.5
2016-09-10,17,29,23.0
2016-09-11,18,23,20.5
2016-09-12,16,27,21.5
2016-09-13,18,27,22.5
2016-09-14,20,31,25.5
2016-09-15,20,30,25.0
2016-09-16,19,30,24.5
2016-09-17,16,25,20.5
2016-09-18,14,20,17.0
2016-09-19,12,26,19.0
2016-09-20,13,27,20.0
2016-09-21,15,25,20.0
2016-09-22,17,26,21.5
2016-09-23,18,28,23.0
2016-09-24,20,30,25.0
2016-09-25,18,26,22.0
2016-09-26,18,24,21.0
2016-09-27,12,24,18.0
2016-09-28,9,20,14.5
2016-09-29,11,23,17.0
2016-09-30,13,25,19.0
2016-10-01,15,26,20.5
2016-10-02,16,27,21.5
2016-10-03,17,29,23.0
2016-10-04,12,20,16.0
2016-10-05,13,24,18.5
2016-10-06,14,20,17.0
2016-10-07,12,17,14.5
2016-10-08,4,19,11.5
2016-10-09,7,19,13.0
2016-10-10,9,19,14.0
2016-10-11,9,21,15.0
2016-10-12,9,18,13.5
2016-10-13,12,23,17.5
2016-10-14,13,24,18.5
2016-10-15,12,17,14.5
2016-10-16,12,21,16.5
2016-10-17,8,21,14.5
2016-10-18,10,22,16.0
2016-10-19,13,22,17.5
2016-10-20,10,16,13.0
2016-10-21,10,12,11.0
2016-10-22,7,14,10.5
2016-10-23,4,16,10.0
2016-10-24,5,13,9.0
2016-10-25,9,18,13.5
2016-10-26,9,15,12.0
2016-10-27,6,11,8.5
2016-10-28,1,13,7.0
2016-10-29,2,11,6.5
2016-10-30,1,13,7.0
2016-10-31,-5,6,0.5
2016-11-01,-3,8,2.5
2016-11-02,0,13,6.5
2016-11-03,2,15,8.5
2016-11-04,4,16,10.0
2016-11-05,1,18,9.5
2016-11-06,2,9,5.5
2016-11-07,1,12,6.5
2016-11-08,-2,11,4.5
2016-11-09,1,10,5.5
2016-11-10,-1,9,4.0
2016-11-11,0,12,6.0
2016-11-12,1,13,7.0
2016-11-13,2,11,6.5
2016-11-14,-3,13,5.0
2016-11-15,-2,10,4.0
2016-11-16,1,12,6.5
2016-11-17,4,7,5.5
2016-11-18,6,11,8.5
2016-11-19,2,14,8.0
2016-11-20,-1,3,1.0
2016-11-21,-11,0,-5.5
2016-11-22,-9,1,-4.0
2016-11-23,-8,3,-2.5
2016-11-24,-7,5,-1.0
2016-11-25,-5,5,0.0
2016-11-26,-5,8,1.5
2016-11-27,-6,8,1.0
2016-11-28,-5,9,2.0
2016-11-29,-3,4,0.5
2016-11-30,-1,9,4.0
2016-12-01,-5,10,2.5
2016-12-02,-4,10,3.0
2016-12-03,-3,10,3.5
2016-12-04,-3,9,3.0
2016-12-05,-6,6,0.0
2016-12-06,-3,7,2.0
2016-12-07,-2,9,3.5
2016-12-08,-3,8,2.5
2016-12-09,-6,5,-0.5
2016-12-10,-5,6,0.5
2016-12-11,-2,5,1.5
2016-12-12,-3,4,0.5
2016-12-13,-8,3,-2.5
2016-12-14,-7,2,-2.5
2016-12-15,-7,7,0.0
2016-12-16,-7,7,0.0
2016-12-17,-5,8,1.5
2016-12-18,-5,8,1.5
2016-12-19,-4,9,2.5
2016-12-20,-3,8,2.5
2016-12-21,-4,4,0.0
2016-12-22,-5,7,1.0
2016-12-23,-7,4,-1.5
2016-12-24,-5,5,0.0
2016-12-25,-3,3,0.0
2016-12-26,-8,4,-2.0
2016-12-27,-8,3,-2.5
2016-12-28,-8,4,-2.0
2016-12-29,-8,4,-2.0
2016-12-30,-7,3,-2.0
2016-12-31,-7,4,-1.5
2017-01-01,-3,6,1.5
2017-01-02,-7,8,0.5
2017-01-03,-5,5,0.0
2017-01-04,-6,7,0.5
2017-01-05,-5,3,-1.0
2017-01-06,-3,4,0.5
2017-01-07,-4,2,-1.0
2017-01-08,-5,6,0.5
2017-01-09,-5,4,-0.5
2017-01-10,-7,5,-1.0
2017-01-11,-6,6,0.0
2017-01-12,-5,6,0.5
2017-01-13,-7,4,-1.5
2017-01-14,-7,3,-2.0
2017-01-15,-7,1,-3.0
2017-01-16,-5,1,-2.0
2017-01-17,-7,6,-0.5
2017-01-18,-5,3,-1.0
2017-01-19,-9,0,-4.5
2017-01-20,-9,1,-4.0
2017-01-21,-9,0,-4.5
2017-01-22,-11,1,-5.0
2017-01-23,-8,1,-3.5
2017-01-24,-7,5,-1.0
2017-01-25,-5,5,0.0
2017-01-26,-7,9,1.0
2017-01-27,-6,6,0.0
2017-01-28,-5,5,0.0
2017-01-29,-9,2,-3.5
2017-01-30,-7,2,-2.5
2017-01-31,-5,6,0.5
2017-02-01,-9,5,-2.0
2017-02-02,-7,6,-0.5
2017-02-03,-3,7,2.0
2017-02-04,-3,10,3.5
2017-02-05,-5,9,2.0
2017-02-06,-6,5,-0.5
2017-02-07,-6,1,-2.5
2017-02-08,-8,5,-1.5
2017-02-09,-6,4,-1.0
2017-02-10,-7,5,-1.0
2017-02-11,-5,8,1.5
2017-02-12,-4,11,3.5
2017-02-13,-5,11,3.0
2017-02-14,-4,9,2.5
2017-02-15,0,8,4.0
2017-02-16,-5,8,1.5
2017-02-17,-6,6,0.0
2017-02-18,-2,9,3.5
2017-02-19,-2,15,6.5
2017-02-20,-3,7,2.0
2017-02-21,-4,0,-2.0
2017-02-22,-3,11,4.0
2017-02-23,-5,7,1.0
2017-02-24,-3,13,5.0
2017-02-25,-2,13,5.5
2017-02-26,-4,14,5.0
2017-02-27,2,14,8.0
2017-02-28,1,16,8.5
2017-03-01,-4,9,2.5
2017-03-02,-1,13,6.0
2017-03-03,-4,14,5.0
2017-03-04,0,13,6.5
2017-03-05,-3,12,4.5
2017-03-06,-4,10,3.0
2017-03-07,-1,10,4.5
2017-03-08,2,14,8.0
2017-03-09,1,16,8.5
2017-03-10,4,17,10.5
2017-03-11,4,21,12.5
2017-03-12,1,14,7.5
2017-03-13,1,15,8.0
2017-03-14,2,16,9.0
2017-03-15,2,17,9.5
2017-03-16,6,17,11.5
2017-03-17,5,18,11.5
2017-03-18,4,21,12.5
2017-03-19,6,19,12.5
2017-03-20,6,12,9.0
2017-03-21,4,15,9.5
2017-03-22,6,15,10.5
2017-03-23,2,7,4.5
2017-03-24,0,7,3.5
2017-03-25,4,14,9.0
2017-03-26,3,16,9.5
2017-03-27,5,15,10.0
2017-03-28,3,16,9.5
2017-03-29,7,20,13.5
2017-03-30,4,15,9.5
2017-03-31,5,17,11.0
2017-04-01,5,22,13.5
2017-04-02,8,24,16.0
2017-04-03,10,26,18.0
2017-04-04,11,20,15.5
2017-04-05,9,19,14.0
2017-04-06,9,25,17.0
2017-04-07,13,20,16.5
2017-04-08,7,19,13.0
2017-04-09,8,20,14.0
2017-04-10,11,20,15.5
2017-04-11,7,22,14.5
2017-04-12,8,26,17.0
2017-04-13,7,21,14.0
2017-04-14,10,27,18.5
2017-04-15,13,30,21.5
2017-04-16,13,27,20.0
2017-04-17,11,28,19.5
2017-04-18,10,24,17.0
2017-04-19,10,20,15.0
2017-04-20,10,23,16.5
2017-04-21,8,22,15.0
2017-04-22,12,27,19.5
2017-04-23,10,25,17.5
2017-04-24,11,24,17.5
2017-04-25,6,20,13.0
2017-04-26,10,25,17.5
2017-04-27,13,28,20.5
2017-04-28,13,31,22.0
2017-04-29,17,34,25.5
2017-04-30,12,29,20.5
2017-05-01,13,27,20.0
2017-05-02,16,29,22.5
2017-05-03,15,28,21.5
2017-05-04,13,28,20.5
2017-05-05,10,21,15.5
2017-05-06,10,29,19.5
2017-05-07,14,30,22.0
2017-05-08,15,31,23.0
2017-05-09,14,29,21.5
2017-05-10,13,30,21.5
2017-05-11,12,31,21.5
2017-05-12,13,30,21.5
2017-05-13,15,29,22.0
2017-05-14,13,28,20.5
2017-05-15,14,28,21.0
2017-05-16,16,32,24.0
2017-05-17,18,34,26.0
2017-05-18,20,36,28.0
2017-05-19,21,36,28.5
2017-05-20,19,34,26.5
2017-05-21,16,32,24.0
2017-05-22,12,18,15.0
2017-05-23,13,28,20.5
2017-05-24,16,33,24.5
2017-05-25,14,31,22.5
2017-05-26,16,31,23.5
2017-05-27,20,35,27.5
2017-05-28,21,37,29.0
2017-05-29,17,27,22.0
2017-05-30,15,26,20.5
2017-05-31,17,34,25.5
2017-06-01,16,30,23.0
2017-06-02,12,25,18.5
2017-06-03,15,28,21.5
2017-06-04,18,32,25.0
2017-06-05,14,29,21.5
2017-06-06,13,20,16.5
2017-06-07,18,32,25.0
2017-06-08,20,35,27.5
2017-06-09,20,37,28.5
2017-06-10,16,31,23.5
2017-06-11,17,32,24.5
2017-06-12,18,27,22.5
2017-06-13,16,29,22.5
2017-06-14,20,36,28.0
2017-06-15,23,38,30.5
2017-06-16,23,37,30.0
2017-06-17,24,35,29.5
2017-06-18,23,35,29.0
2017-06-19,20,31,25.5
2017-06-20,20,34,27.0
2017-06-21,21,33,27.0
2017-06-22,19,23,21.0
2017-06-23,18,24,21.0
2017-06-24,17,25,21.0
2017-06-25,19,30,24.5
2017-06-26,20,34,27.0
2017-06-27,21,35,28.0
2017-06-28,22,35,28.5
2017-06-29,23,35,29.0
2017-06-30,24,35,29.5
2017-07-01,24,36,30.0
2017-07-02,23,36,29.5
2017-07-03,23,36,29.5
2017-07-04,23,31,27.0
2017-07-05,23,30,26.5
2017-07-06,22,25,23.5
2017-07-07,23,32,27.5
2017-07-08,25,34,29.5
2017-07-09,22,34,28.0
2017-07-10,20,37,28.5
2017-07-11,26,37,31.5
2017-07-12,27,36,31.5
2017-07-13,24,37,30.5
2017-07-14,23,32,27.5
2017-07-15,24,33,28.5
2017-07-16,25,34,29.5
2017-07-17,24,34,29.0
2017-07-18,24,33,28.5
2017-07-19,25,31,28.0
2017-07-20,25,34,29.5
2017-07-21,23,25,24.0
2017-07-22,23,28,25.5
2017-07-23,23,29,26.0
2017-07-24,22,29,25.5
2017-07-25,21,30,25.5
2017-07-26,20,24,22.0
2017-07-27,23,29,26.0
2017-07-28,22,31,26.5
2017-07-29,21,31,26.0
2017-07-30,21,32,26.5
2017-07-31,23,32,27.5
2017-08-01,24,31,27.5
2017-08-02,24,29,26.5
2017-08-03,23,34,28.5
2017-08-04,24,37,30.5
2017-08-05,22,33,27.5
2017-08-06,23,34,28.5
2017-08-07,23,36,29.5
2017-08-08,22,33,27.5
2017-08-09,22,31,26.5
2017-08-10,23,33,28.0
2017-08-11,22,34,28.0
2017-08-12,21,31,26.0
2017-08-13,22,29,25.5
2017-08-14,22,30,26.0
2017-08-15,22,31,26.5
2017-08-16,21,28,24.5
2017-08-17,22,30,26.0
2017-08-18,22,30,26.0
2017-08-19,22,29,25.5
2017-08-20,23,31,27.0
2017-08-21,23,33,28.0
2017-08-22,22,29,25.5
2017-08-23,22,32,27.0
2017-08-24,19,34,26.5
2017-08-25,18,33,25.5
2017-08-26,18,29,23.5
2017-08-27,17,22,19.5
2017-08-28,16,28,22.0
2017-08-29,15,26,20.5
2017-08-30,18,28,23.0
2017-08-31,18,28,23.0
2017-09-01,18,28,23.0
2017-09-02,18,27,22.5
2017-09-03,18,29,23.5
2017-09-04,19,29,24.0
2017-09-05,18,31,24.5
2017-09-06,17,31,24.0
2017-09-07,18,31,24.5
2017-09-08,19,30,24.5
2017-09-09,20,31,25.5
2017-09-10,18,28,23.0
2017-09-11,15,30,22.5
2017-09-12,18,30,24.0
2017-09-13,19,29,24.0
2017-09-14,19,29,24.0
2017-09-15,17,29,23.0
2017-09-16,17,28,22.5
2017-09-17,15,29,22.0
2017-09-18,17,30,23.5
2017-09-19,14,30,22.0
2017-09-20,13,28,20.5
2017-09-21,16,30,23.0
2017-09-23,16,29,22.5
2017-09-24,17,29,23.0
2017-09-25,17,29,23.0
2017-09-26,12,24,18.0
2017-09-27,9,24,16.5
2017-09-28,10,23,16.5
2017-09-29,10,26,18.0
2017-09-30,15,28,21.5
2017-10-01,12,26,19.0
2017-10-02,8,18,13.0
2017-10-03,9,20,14.5
2017-10-04,9,22,15.5
2017-10-05,10,21,15.5
2017-10-06,12,22,17.0
2017-10-07,12,20,16.0
2017-10-08,12,18,15.0
2017-10-09,8,15,11.5
2017-10-10,5,11,8.0
2017-10-11,5,16,10.5
2017-10-12,5,13,9.0
2017-10-13,8,18,13.0
2017-10-14,8,13,10.5
2017-10-15,7,16,11.5
2017-10-16,6,18,12.0
2017-10-17,10,16,13.0
2017-10-18,8,15,11.5
2017-10-19,8,19,13.5
2017-10-20,11,21,16.0
2017-10-21,9,18,13.5
2017-10-22,7,13,10.0
2017-10-23,5,16,10.5
2017-10-24,8,19,13.5
2017-10-25,9,15,12.0
2017-10-26,8,17,12.5
2017-10-27,8,18,13.0
2017-10-28,4,16,10.0
2017-10-29,1,13,7.0
2017-10-30,2,15,8.5
2017-10-31,3,17,10.0
2017-11-01,4,17,10.5
2017-11-02,2,17,9.5
2017-11-03,-2,13,5.5
2017-11-04,2,15,8.5
2017-11-05,3,15,9.0
2017-11-06,4,15,9.5
2017-11-07,4,18,11.0
2017-11-08,3,14,8.5
2017-11-09,4,13,8.5
2017-11-10,-1,12,5.5
2017-11-11,-1,11,5.0
2017-11-12,-1,12,5.5
2017-11-13,-1,13,6.0
2017-11-14,-5,8,1.5
2017-11-15,-4,7,1.5
2017-11-16,-2,8,3.0
2017-11-17,-4,6,1.0
2017-11-18,-7,5,-1.0
2017-11-19,-5,7,1.0
2017-11-20,-4,9,2.5
2017-11-21,-2,8,3.0
2017-11-22,-6,8,1.0
2017-11-23,-5,7,1.0
2017-11-24,-6,7,0.5
2017-11-25,-4,7,1.5
2017-11-26,-5,4,-0.5
2017-11-27,-4,7,1.5
2017-11-28,-6,7,0.5
2017-11-29,-7,0,-3.5
2017-11-30,-6,4,-1.0
2017-12-01,-5,5,0.0
2017-12-02,-4,7,1.5
2017-12-03,-5,5,0.0
2017-12-04,-6,4,-1.0
2017-12-05,-3,7,2.0
2017-12-06,-4,8,2.0
2017-12-07,-5,5,0.0
2017-12-08,-4,7,1.5
2017-12-09,-4,6,1.0
2017-12-10,-7,3,-2.0
2017-12-11,-9,0,-4.5
2017-12-12,-8,-1,-4.5
2017-12-13,-5,0,-2.5
2017-12-14,-4,0,-2.0
2017-12-15,-7,3,-2.0
2017-12-16,-8,-1,-4.5
2017-12-17,-5,5,0.0
2017-12-18,-6,6,0.0
2017-12-19,-4,4,0.0
2017-12-20,-6,6,0.0
2017-12-21,-6,8,1.0
2017-12-22,-6,10,2.0
2017-12-23,-3,7,2.0
2017-12-24,-6,6,0.0
2017-12-25,-4,5,0.5
2017-12-26,-7,3,-2.0
2017-12-27,-5,4,-0.5
2017-12-28,-4,5,0.5
2017-12-29,-3,4,0.5
2017-12-30,-6,6,0.0
2017-12-31,-7,4,-1.5
2018-01-01,-6,3,-1.5
2018-01-02,-5,2,-1.5
2018-01-03,-5,2,-1.5
2018-01-04,-8,0,-4.0
2018-01-05,-7,3,-2.0
2018-01-06,-6,2,-2.0
2018-01-07,-4,1,-1.5
2018-01-08,-7,2,-2.5
2018-01-09,-8,1,-3.5
2018-01-10,-11,-3,-7.0
2018-01-11,-9,0,-4.5
2018-01-12,-8,3,-2.5
2018-01-13,-7,4,-1.5
2018-01-14,-6,7,0.5
2018-01-15,-6,2,-2.0
2018-01-16,-5,4,-0.5
2018-01-17,-8,7,-0.5
2018-01-18,-5,6,0.5
2018-01-19,-4,8,2.0
2018-01-20,-6,3,-1.5
2018-01-21,-6,-1,-3.5
2018-01-22,-10,-3,-6.5
2018-01-23,-13,-3,-8.0
2018-01-24,-12,-3,-7.5
2018-01-25,-12,-2,-7.0
2018-01-26,-10,-2,-6.0
2018-01-27,-10,0,-5.0
2018-01-28,-8,-1,-4.5
2018-01-29,-8,1,-3.5
2018-01-30,-7,5,-1.0
2018-01-31,-8,4,-2.0
2018-02-01,-7,4,-1.5
2018-02-02,-10,-1,-5.5
2018-02-03,-10,0,-5.0
2018-02-04,-8,2,-3.0
2018-02-05,-12,1,-5.5
2018-02-06,-8,4,-2.0
2018-02-07,-10,2,-4.0
2018-02-08,-8,3,-2.5
2018-02-09,-9,4,-2.5
2018-02-10,-12,0,-6.0
2018-02-11,-9,0,-4.5
2018-02-12,-7,6,-0.5
2018-02-13,-4,8,2.0
2018-02-14,-6,7,0.5
2018-02-15,-5,5,0.0
2018-02-16,-5,8,1.5
2018-02-17,-5,5,0.0
2018-02-18,-3,9,3.0
2018-02-19,-3,7,2.0
2018-02-20,-5,5,0.0
2018-02-21,-4,8,2.0
2018-02-22,-5,10,2.5
2018-02-23,-4,11,3.5
2018-02-24,-7,3,-2.0
2018-02-25,-4,7,1.5
2018-02-26,0,12,6.0
2018-02-27,-1,7,3.0
2018-02-28,-2,10,4.0
2018-03-01,-3,9,3.0
2018-03-02,-2,9,3.5
2018-03-03,2,13,7.5
2018-03-04,-2,8,3.0
2018-03-05,-3,9,3.0
2018-03-06,-3,7,2.0
2018-03-07,-3,7,2.0
2018-03-08,-4,8,2.0
2018-03-09,-3,10,3.5
2018-03-10,-2,15,6.5
2018-03-11,1,11,6.0
2018-03-12,3,15,9.0
2018-03-13,4,17,10.5
2018-03-14,6,15,10.5
2018-03-15,-1,13,6.0
2018-03-16,-2,10,4.0
2018-03-17,0,4,2.0
2018-03-18,1,13,7.0
2018-03-19,2,14,8.0
2018-03-20,-2,10,4.0
2018-03-21,1,12,6.5
2018-03-22,3,17,10.0
2018-03-23,5,17,11.0
2018-03-24,4,22,13.0
2018-03-25,7,24,15.5
2018-03-26,6,25,15.5
2018-03-27,11,27,19.0
2018-03-28,8,26,17.0
2018-03-29,6,20,13.0
2018-03-30,7,19,13.0
2018-03-31,9,24,16.5
2018-04-01,11,26,18.5
2018-04-02,11,27,19.0
2018-04-03,5,14,9.5
2018-04-04,1,9,5.0
2018-04-05,2,10,6.0
2018-04-06,4,11,7.5
2018-04-07,1,13,7.0
2018-04-08,4,19,11.5
2018-04-09,6,20,13.0
2018-04-10,8,24,16.0
2018-04-11,9,23,16.0
2018-04-12,7,23,15.0
2018-04-13,6,11,8.5
2018-04-14,5,19,12.0
2018-04-15,7,21,14.0
2018-04-16,11,23,17.0
2018-04-17,10,24,17.0
2018-04-18,13,28,20.5
2018-04-19,12,26,19.0
2018-04-20,14,28,21.0
2018-04-21,12,16,14.0
2018-04-22,12,17,14.5
2018-04-23,9,19,14.0
2018-04-24,9,24,16.5
2018-04-25,10,26,18.0
2018-04-26,11,27,19.0
2018-04-27,12,25,18.5
2018-04-28,16,27,21.5
2018-04-29,15,30,22.5
2018-04-30,13,24,18.5
2018-05-01,12,26,19.0
2018-05-02,12,26,19.0
2018-05-03,11,25,18.0
2018-05-04,15,28,21.5
2018-05-05,12,26,19.0
2018-05-06,14,29,21.5
2018-05-07,12,28,20.0
2018-05-08,13,28,20.5
2018-05-09,16,30,23.0
2018-05-10,18,27,22.5
2018-05-11,15,25,20.0
2018-05-12,16,29,22.5
2018-05-13,17,31,24.0
2018-05-14,21,34,27.5
2018-05-15,23,31,27.0
2018-05-16,21,29,25.0
2018-05-17,19,25,22.0
2018-05-18,16,29,22.5
2018-05-19,17,28,22.5
2018-05-20,16,20,18.0
2018-05-21,14,18,16.0
2018-05-22,10,25,17.5
2018-05-23,15,30,22.5
2018-05-24,17,32,24.5
2018-05-25,19,32,25.5
2018-05-26,17,31,24.0
2018-05-27,17,33,25.0
2018-05-28,17,31,24.0
2018-05-29,17,32,24.5
2018-05-30,18,34,26.0
2018-05-31,19,36,27.5
2018-06-01,21,37,29.0
2018-06-02,22,36,29.0
2018-06-03,19,32,25.5
2018-06-04,19,36,27.5
2018-06-05,25,39,32.0
2018-06-06,24,36,30.0
2018-06-07,22,34,28.0
2018-06-08,20,32,26.0
2018-06-09,17,24,20.5
2018-06-10,17,27,22.0
2018-06-11,19,30,24.5
2018-06-12,19,32,25.5
2018-06-13,19,28,23.5
2018-06-14,19,32,25.5
2018-06-15,20,32,26.0
2018-06-16,21,31,26.0
2018-06-17,22,31,26.5
2018-06-18,21,31,26.0
2018-06-19,20,32,26.0
2018-06-20,21,36,28.5
2018-06-21,24,36,30.0
2018-06-22,21,31,26.0
2018-06-23,23,36,29.5
2018-06-24,24,37,30.5
2018-06-25,24,34,29.0
2018-06-26,24,36,30.0
2018-06-27,25,38,31.5
2018-06-28,23,36,29.5
2018-06-29,24,38,31.0
2018-06-30,23,37,30.0
2018-07-01,22,35,28.5
2018-07-02,23,32,27.5
2018-07-03,23,32,27.5
2018-07-04,25,36,30.5
2018-07-05,24,37,30.5
2018-07-06,23,33,28.0
2018-07-07,22,31,26.5
2018-07-08,23,30,26.5
2018-07-09,23,30,26.5
2018-07-10,22,30,26.0
2018-07-11,21,25,23.0
2018-07-12,22,27,24.5
2018-07-13,22,28,25.0
2018-07-14,24,31,27.5
2018-07-15,25,32,28.5
2018-07-16,24,31,27.5
2018-07-17,23,27,25.0
2018-07-18,25,32,28.5
2018-07-19,26,33,29.5
2018-07-20,26,34,30.0
2018-07-21,26,35,30.5
2018-07-22,25,34,29.5
2018-07-23,25,32,28.5
2018-07-24,25,29,27.0
2018-07-25,25,32,28.5
2018-07-26,25,34,29.5
2018-07-27,23,32,27.5
2018-07-28,24,33,28.5
2018-07-29,25,33,29.0
2018-07-30,25,34,29.5
2018-07-31,26,35,30.5
2018-08-01,26,36,31.0
2018-08-02,26,36,31.0
2018-08-03,26,37,31.5
2018-08-04,27,36,31.5
2018-08-05,25,35,30.0
2018-08-06,25,30,27.5
2018-08-07,24,29,26.5
2018-08-08,24,30,27.0
2018-08-09,24,30,27.0
2018-08-10,24,34,29.0
2018-08-11,23,30,26.5
2018-08-12,23,30,26.5
2018-08-13,24,30,27.0
2018-08-14,24,29,26.5
2018-08-15,24,32,28.0
2018-08-16,21,31,26.0
2018-08-17,22,30,26.0
2018-08-18,22,28,25.0
2018-08-19,22,26,24.0
2018-08-20,22,33,27.5
2018-08-21,22,32,27.0
2018-08-22,20,28,24.0
2018-08-23,20,31,25.5
2018-08-24,20,30,25.0
2018-08-25,22,32,27.0
2018-08-26,22,31,26.5
2018-08-27,22,30,26.0
2018-08-28,20,30,25.0
2018-08-29,20,32,26.0
2018-08-30,19,29,24.0
2018-08-31,21,29,25.0
2018-09-01,19,28,23.5
2018-09-02,18,28,23.0
2018-09-03,19,31,25.0
2018-09-04,18,31,24.5
2018-09-05,18,31,24.5
2018-09-06,17,27,22.0
2018-09-07,15,27,21.0
2018-09-08,14,28,21.0
2018-09-09,14,29,21.5
2018-09-10,18,28,23.0
2018-09-11,18,26,22.0
2018-09-12,18,29,23.5
2018-09-13,19,29,24.0
2018-09-14,19,28,23.5
2018-09-15,14,27,20.5
2018-09-16,12,25,18.5
2018-09-17,17,27,22.0
2018-09-18,16,26,21.0
2018-09-19,17,26,21.5
2018-09-20,14,27,20.5
2018-09-21,13,25,19.0
2018-09-22,12,24,18.0
2018-09-23,11,24,17.5
2018-09-24,10,24,17.0
2018-09-25,11,24,17.5
2018-09-26,14,23,18.5
2018-09-27,12,23,17.5
2018-09-28,10,24,17.0
2018-09-29,10,22,16.0
2018-09-30,13,19,16.0
2018-10-01,10,24,17.0
2018-10-02,10,25,17.5
2018-10-03,9,25,17.0
2018-10-04,11,25,18.0
2018-10-05,13,24,18.5
2018-10-06,7,20,13.5
2018-10-07,7,22,14.5
2018-10-08,8,21,14.5
2018-10-09,3,15,9.0
2018-10-10,3,17,10.0
2018-10-11,4,19,11.5
